{
  "generat": "2026-06-10T15:51:20.302755+00:00",
  "declaratii": {
    "total": 128923,
    "avere": 68448,
    "interese": 60475
  },
  "companii_stat": {
    "total": 1256,
    "cu_reprezentanti": 1250,
    "cu_bilant": 1153
  },
  "cv_uri": {
    "conducere_soe": 280,
    "deputati": 239,
    "senatori": 115
  },
  "graf": {
    "persoane": 31733,
    "cu_parlamentar": 468,
    "cross_links_declarant_companie": 217,
    "parlamentari_companii": 3
  },
  "comisii_cdep": {
    "plx": 1852,
    "documente": 20574
  },
  "motiuni": 175,
  "partide": {
    "total": 17,
    "subventii_inreg": 121,
    "rapoarte_rvc": 402,
    "subventie_totala_top": {
      "PSD": 934343605.6200001,
      "PNL": 618853252.12,
      "USR": 284395344.47,
      "AUR": 149363594.42000002,
      "PMP": 42692142.20999999
    }
  },
  "bugete": {
    "uat_inreg": 6389,
    "bgc_luni": 28
  }
}